Camera,Month,Bobcat_RAI,Fire
A03,april.2016,0,N
A13,april.2016,0,N
B08,april.2016,0,N
B10,april.2016,0,N
B12,april.2016,0,N
B14,april.2016,0,N
C03,april.2016,0,N
C07,april.2016,0,N
C09,april.2016,0,N
C11,april.2016,0,N
D04,april.2016,0,N
D12,april.2016,0,N
E05,april.2016,0.03571429,N
E09,april.2016,0,N
E13,april.2016,0.034482759,N
E15,april.2016,0,N
F06,april.2016,0,N
F08,april.2016,0.033333333,N
F10,april.2016,0,N
A03,may.2016,0,N
A13,may.2016,0,N
B02,may.2016,0,N
B04,may.2016,0,N
B06,may.2016,0,N
B08,may.2016,0,N
B10,may.2016,0.03225806,N
B12,may.2016,0,N
B14,may.2016,0,N
C03,may.2016,0.06451613,N
C05,may.2016,0,N
C07,may.2016,0,N
C09,may.2016,0,N
C11,may.2016,0,N
C15,may.2016,0,N
C17,may.2016,0,N
D04,may.2016,0,N
D06,may.2016,0,N
D08,may.2016,0,N
D10,may.2016,0,N
D12,may.2016,0,N
D14,may.2016,0,N
E05,may.2016,0,N
E07,may.2016,0.05263158,N
E09,may.2016,0,N
E11,may.2016,0.076923077,N
E13,may.2016,0,N
E15,may.2016,0,N
E17,may.2016,0,N
F06,may.2016,0,N
F08,may.2016,0,N
F10,may.2016,0,N
G09,may.2016,0,N
G11,may.2016,0,N
A03,june.2016,0,N
A13,june.2016,0,N
B02,june.2016,0,N
B04,june.2016,0,N
B06,june.2016,0.03333333,N
B08,june.2016,0,N
B10,june.2016,0,N
B12,june.2016,0,N
B14,june.2016,0,N
C03,june.2016,0,N
C05,june.2016,0,N
C07,june.2016,0,N
C09,june.2016,0,N
C11,june.2016,0,N
C15,june.2016,0,N
C17,june.2016,0,N
D04,june.2016,0,N
D06,june.2016,0,N
D08,june.2016,0,N
D10,june.2016,0,N
D12,june.2016,0,N
D14,june.2016,0,N
D16,june.2016,0,N
E05,june.2016,0,N
E07,june.2016,0,N
E09,june.2016,0,N
E11,june.2016,0,N
E13,june.2016,0,N
E15,june.2016,0,N
E17,june.2016,0,N
F06,june.2016,0,N
F08,june.2016,0,N
F10,june.2016,0,N
G09,june.2016,0,N
G11,june.2016,0,N
A03,july.2016,0,N
A13,july.2016,0,N
B02,july.2016,0.03225806,N
B04,july.2016,0,N
B06,july.2016,0.032258065,N
B08,july.2016,0,N
B10,july.2016,0,N
B12,july.2016,0,N
B14,july.2016,0,N
C03,july.2016,0,N
C05,july.2016,0,N
C07,july.2016,0.03225806,N
C09,july.2016,0,N
C11,july.2016,0.157894737,N
C15,july.2016,0,N
C17,july.2016,0,N
D04,july.2016,0,N
D06,july.2016,0,N
D08,july.2016,0,N
D10,july.2016,0,N
D12,july.2016,0.032258065,N
D14,july.2016,0,N
D16,july.2016,0,N
E05,july.2016,0,N
E07,july.2016,0,N
E09,july.2016,0,N
E11,july.2016,0.032258065,N
E13,july.2016,0,N
E15,july.2016,0,N
E17,july.2016,0,N
F06,july.2016,0,N
F08,july.2016,0,N
F10,july.2016,0,N
G09,july.2016,0,N
G11,july.2016,0,N
A03,august.2016,0,N
A13,august.2016,0,N
B02,august.2016,0,N
B04,august.2016,0,N
B06,august.2016,0.03225806,N
B08,august.2016,0,N
B10,august.2016,0,N
B12,august.2016,0,N
B14,august.2016,0,N
C03,august.2016,0,N
C05,august.2016,0,N
C07,august.2016,0,N
C09,august.2016,0,N
C11,august.2016,0,N
C15,august.2016,0,N
C17,august.2016,0,N
D04,august.2016,0,N
D06,august.2016,0.03225806,N
D08,august.2016,0,N
D10,august.2016,0,N
D12,august.2016,0.03225806,N
D14,august.2016,0.03225806,N
D16,august.2016,0,N
E05,august.2016,0,N
E07,august.2016,0,N
E09,august.2016,0,N
E11,august.2016,0,N
E13,august.2016,0,N
E15,august.2016,0,N
E17,august.2016,0,N
F04,august.2016,0,N
F06,august.2016,0.03225806,N
F08,august.2016,0,N
F10,august.2016,0,N
G09,august.2016,0,N
G11,august.2016,0,N
A03,september.2016,0,N
A13,september.2016,0,N
B02,september.2016,0,N
B04,september.2016,0,N
B06,september.2016,0.06666667,N
B08,september.2016,0,N
B10,september.2016,0,N
B12,september.2016,0,N
B14,september.2016,0,N
C03,september.2016,0,N
C05,september.2016,0,N
C07,september.2016,0,N
C09,september.2016,0,N
C11,september.2016,0,N
C15,september.2016,0,N
C17,september.2016,0,N
D04,september.2016,0,N
D06,september.2016,0,N
D08,september.2016,0,N
D10,september.2016,0,N
D12,september.2016,0,N
D14,september.2016,0.03333333,N
D16,september.2016,0,N
E05,september.2016,0,N
E07,september.2016,0,N
E09,september.2016,0,N
E11,september.2016,0,N
E13,september.2016,0,N
E15,september.2016,0.13333333,N
E17,september.2016,0,N
F04,september.2016,0,N
F06,september.2016,0,N
F08,september.2016,0,N
F10,september.2016,0,N
G09,september.2016,0,N
G11,september.2016,0,N
A03,october.2016,0,N
A13,october.2016,0,N
B02,october.2016,0,N
B04,october.2016,0,N
B06,october.2016,0,N
B08,october.2016,0,N
B10,october.2016,0,N
B12,october.2016,0,N
B14,october.2016,0,N
C03,october.2016,0,N
C05,october.2016,0,N
C07,october.2016,0,N
C09,october.2016,0,N
C11,october.2016,0,N
C15,october.2016,0.03225806,N
C17,october.2016,0,N
D04,october.2016,0.03225806,N
D06,october.2016,0,N
D08,october.2016,0,N
D10,october.2016,0,N
D12,october.2016,0,N
D14,october.2016,0.09677419,N
D16,october.2016,0.03225806,N
E05,october.2016,0,N
E07,october.2016,0,N
E09,october.2016,0,N
E11,october.2016,0,N
E13,october.2016,0,N
E15,october.2016,0,N
E17,october.2016,0.03225806,N
F04,october.2016,0,N
F06,october.2016,0,N
F08,october.2016,0,N
F10,october.2016,0,N
G09,october.2016,0,N
G11,october.2016,0,N
A03,november.2016,0,N
A13,november.2016,0,N
B02,november.2016,0,N
B04,november.2016,0,N
B06,november.2016,0,N
B08,november.2016,0,N
B10,november.2016,0,N
B12,november.2016,0,N
B14,november.2016,0.06666667,N
C03,november.2016,0.06666667,N
C05,november.2016,0,N
C07,november.2016,0,N
C09,november.2016,0,N
C11,november.2016,0,N
C15,november.2016,0.1,N
C17,november.2016,0,N
D04,november.2016,0.03333333,N
D06,november.2016,0,N
D08,november.2016,0,N
D10,november.2016,0,N
D12,november.2016,0.06666667,N
D14,november.2016,0.03333333,N
D16,november.2016,0,N
E05,november.2016,0,N
E07,november.2016,0,N
E09,november.2016,0,N
E11,november.2016,0,N
E13,november.2016,0,N
E15,november.2016,0,N
E17,november.2016,0,N
F04,november.2016,0.06666667,N
F06,november.2016,0,N
F08,november.2016,0,N
F10,november.2016,0,N
G09,november.2016,0,N
G11,november.2016,0.06666667,N
A03,december.2016,0,N
A13,december.2016,0,N
B02,december.2016,0,N
B04,december.2016,0.03225806,N
B06,december.2016,0.09677419,N
B08,december.2016,0,N
B10,december.2016,0.12903226,N
B12,december.2016,0,N
B14,december.2016,0,N
C03,december.2016,0,N
C05,december.2016,0.03225806,N
C07,december.2016,0.03225806,N
C09,december.2016,0,N
C11,december.2016,0,N
C15,december.2016,0.09677419,N
C17,december.2016,0.03225806,N
D04,december.2016,0,N
D06,december.2016,0,N
D12,december.2016,0,N
D14,december.2016,0,N
D16,december.2016,0,N
E05,december.2016,0,N
E07,december.2016,0,N
E09,december.2016,0,N
E11,december.2016,0,N
E13,december.2016,0,N
E15,december.2016,0,N
E17,december.2016,0,N
F04,december.2016,0,N
F06,december.2016,0,N
F08,december.2016,0.06451613,N
F10,december.2016,0,N
G09,december.2016,0,N
G11,december.2016,0,N
A03,january.2017,0,N
A13,january.2017,0,N
B02,january.2017,0,N
B04,january.2017,0.12903226,N
B06,january.2017,0,N
B08,january.2017,0,N
B10,january.2017,0.09677419,N
B12,january.2017,0.06451613,N
B14,january.2017,0,N
C03,january.2017,0.03225806,N
C05,january.2017,0,N
C07,january.2017,0,N
C09,january.2017,0,N
C11,january.2017,0,N
C15,january.2017,0,N
C17,january.2017,0,N
D04,january.2017,0,N
D06,january.2017,0,N
D08,january.2017,0,N
D10,january.2017,0,N
D12,january.2017,0,N
D14,january.2017,0,N
D16,january.2017,0.03225806,N
E05,january.2017,0.03225806,N
E07,january.2017,0,N
E09,january.2017,0,N
E11,january.2017,0,N
E13,january.2017,0,N
E15,january.2017,0.09677419,N
E17,january.2017,0,N
F04,january.2017,0,N
F06,january.2017,0,N
F08,january.2017,0,N
F10,january.2017,0,N
G09,january.2017,0,N
G11,january.2017,0,N
A03,february.2017,0,N
A13,february.2017,0.03571429,N
B02,february.2017,0.03571429,N
B04,february.2017,0,N
B06,february.2017,0,N
B08,february.2017,0,N
B10,february.2017,0,N
B12,february.2017,0,N
B14,february.2017,0.03571429,N
C03,february.2017,0.07142857,N
C05,february.2017,0,N
C07,february.2017,0,N
C09,february.2017,0,N
C11,february.2017,0,N
C15,february.2017,0.03571429,N
C17,february.2017,0.03571429,N
D04,february.2017,0,N
D06,february.2017,0.10714286,N
D08,february.2017,0,N
D10,february.2017,0,N
D12,february.2017,0.03571429,N
D14,february.2017,0,N
D16,february.2017,0,N
E05,february.2017,0.03571429,N
E07,february.2017,0,N
E09,february.2017,0,N
E11,february.2017,0,N
E13,february.2017,0,N
E15,february.2017,0,N
E17,february.2017,0,N
F04,february.2017,0,N
F06,february.2017,0,N
F08,february.2017,0,N
F10,february.2017,0,N
G09,february.2017,0,N
G11,february.2017,0,N
A03,march.2017,0.03225806,N
A13,march.2017,0,N
B02,march.2017,0.03225806,N
B04,march.2017,0,N
B06,march.2017,0,N
B08,march.2017,0,N
B10,march.2017,0,N
B12,march.2017,0,N
B14,march.2017,0,N
C03,march.2017,0,N
C05,march.2017,0,N
C07,march.2017,0,N
C09,march.2017,0.03225806,N
C11,march.2017,0,N
C15,march.2017,0.06451613,N
C17,march.2017,0,N
D04,march.2017,0.03225806,N
D06,march.2017,0.03225806,N
D08,march.2017,0,N
D10,march.2017,0,N
D12,march.2017,0,N
D14,march.2017,0,N
D16,march.2017,0,N
E05,march.2017,0,N
E07,march.2017,0,N
E09,march.2017,0,N
E11,march.2017,0,N
E13,march.2017,0,N
E15,march.2017,0,N
E17,march.2017,0,N
F04,march.2017,0.03225806,N
F06,march.2017,0,N
F08,march.2017,0.06451613,N
F10,march.2017,0,N
G09,march.2017,0,N
G11,march.2017,0,N
A03,april.2017,0,N
A13,april.2017,0,N
B02,april.2017,0,N
B04,april.2017,0,N
B06,april.2017,0,N
B08,april.2017,0,N
B10,april.2017,0,N
B12,april.2017,0,N
B14,april.2017,0,N
C03,april.2017,0,N
C05,april.2017,0,N
C07,april.2017,0,N
C09,april.2017,0,N
C11,april.2017,0,N
C15,april.2017,0,N
C17,april.2017,0,N
D04,april.2017,0,N
D06,april.2017,0,N
D08,april.2017,0,N
D10,april.2017,0,N
D12,april.2017,0,N
D14,april.2017,0,N
D16,april.2017,0,N
E05,april.2017,0,N
E07,april.2017,0,N
E09,april.2017,0,N
E11,april.2017,0,N
E13,april.2017,0.03333333,N
E15,april.2017,0.03333333,N
E17,april.2017,0,N
F04,april.2017,0,N
F06,april.2017,0,N
F08,april.2017,0,N
F10,april.2017,0,N
G09,april.2017,0,N
G11,april.2017,0,N
A03,may.2017,0,N
A13,may.2017,0,N
B02,may.2017,0,N
B04,may.2017,0,N
B06,may.2017,0.03225806,N
B08,may.2017,0,N
B10,may.2017,0,N
B12,may.2017,0,N
B14,may.2017,0,N
C03,may.2017,0.03225806,N
C05,may.2017,0,N
C07,may.2017,0,N
C09,may.2017,0,N
C11,may.2017,0,N
C15,may.2017,0,N
C17,may.2017,0,N
D04,may.2017,0,N
D06,may.2017,0,N
D08,may.2017,0,N
D10,may.2017,0,N
D12,may.2017,0,N
D14,may.2017,0.06451613,N
D16,may.2017,0,N
E05,may.2017,0,N
E07,may.2017,0,N
E09,may.2017,0,N
E11,may.2017,0,N
E13,may.2017,0,N
E15,may.2017,0.06451613,N
E17,may.2017,0,N
F04,may.2017,0,N
F06,may.2017,0,N
F08,may.2017,0,N
F10,may.2017,0,N
G09,may.2017,0,N
G11,may.2017,0,N
A03,june.2017,0,N
A13,june.2017,0,N
B02,june.2017,0,N
B04,june.2017,0,N
B06,june.2017,0,N
B08,june.2017,0,N
B10,june.2017,0,N
B12,june.2017,0,N
B14,june.2017,0,N
C03,june.2017,0,N
C05,june.2017,0,N
C07,june.2017,0,N
C09,june.2017,0,N
C11,june.2017,0.03333333,N
C15,june.2017,0,N
C17,june.2017,0,N
D04,june.2017,0,N
D06,june.2017,0,N
D08,june.2017,0,N
D10,june.2017,0,N
D12,june.2017,0,N
D14,june.2017,0.03333333,N
D16,june.2017,0,N
E05,june.2017,0,N
E07,june.2017,0,N
E09,june.2017,0,N
E11,june.2017,0,N
E13,june.2017,0,N
E15,june.2017,0.1,N
E17,june.2017,0,N
F04,june.2017,0,N
F06,june.2017,0,N
F08,june.2017,0,N
F10,june.2017,0,N
G09,june.2017,0,N
G11,june.2017,0,N
A03,july.2017,0,N
A13,july.2017,0,N
B02,july.2017,0,N
B04,july.2017,0,N
B06,july.2017,0,N
B08,july.2017,0,N
B10,july.2017,0,N
B12,july.2017,0,N
B14,july.2017,0,N
C03,july.2017,0,N
C05,july.2017,0,N
C07,july.2017,0,N
C09,july.2017,0,N
C11,july.2017,0,N
C15,july.2017,0,N
C17,july.2017,0,N
D04,july.2017,0,N
D06,july.2017,0,N
D08,july.2017,0,N
D10,july.2017,0,N
D12,july.2017,0,N
D14,july.2017,0,N
D16,july.2017,0,N
E05,july.2017,0,N
E07,july.2017,0.03225806,N
E09,july.2017,0,N
E11,july.2017,0,N
E13,july.2017,0,N
E15,july.2017,0,N
E17,july.2017,0,N
F04,july.2017,0,N
F06,july.2017,0,N
F08,july.2017,0,N
F10,july.2017,0,N
G09,july.2017,0,N
G11,july.2017,0,N
A03,august.2017,0,N
A13,august.2017,0,N
B02,august.2017,0,N
B04,august.2017,0,N
B06,august.2017,0,N
B08,august.2017,0,N
B10,august.2017,0.03225806,N
B12,august.2017,0,N
B14,august.2017,0,N
C03,august.2017,0,N
C05,august.2017,0,N
C09,august.2017,0,N
C11,august.2017,0,N
C15,august.2017,0.03225806,N
C17,august.2017,0,N
D04,august.2017,0,N
D06,august.2017,0,N
D08,august.2017,0,N
D10,august.2017,0,N
D12,august.2017,0,N
D14,august.2017,0.03225806,N
D16,august.2017,0,N
E05,august.2017,0,N
E07,august.2017,0,N
E09,august.2017,0,N
E11,august.2017,0,N
E13,august.2017,0,N
E15,august.2017,0,N
E17,august.2017,0,N
F04,august.2017,0,N
F06,august.2017,0,N
F08,august.2017,0,N
F10,august.2017,0,N
G09,august.2017,0,N
G11,august.2017,0,N
A03,september.2017,0,N
A13,september.2017,0,N
B02,september.2017,0,N
B04,september.2017,0,N
B06,september.2017,0.03333333,N
B08,september.2017,0,N
B10,september.2017,0,N
B12,september.2017,0,N
B14,september.2017,0,N
C03,september.2017,0.1,N
C05,september.2017,0,N
C07,september.2017,0,N
C09,september.2017,0,N
C11,september.2017,0,N
C15,september.2017,0.03333333,N
C17,september.2017,0,N
D04,september.2017,0,N
D06,september.2017,0,N
D08,september.2017,0,N
D10,september.2017,0,N
D12,september.2017,0,N
D14,september.2017,0,N
D16,september.2017,0,N
E05,september.2017,0,N
E07,september.2017,0,N
E09,september.2017,0,N
E11,september.2017,0,N
E13,september.2017,0,N
E15,september.2017,0,N
E17,september.2017,0,N
F04,september.2017,0.03333333,N
F06,september.2017,0,N
F08,september.2017,0,N
F10,september.2017,0,N
G09,september.2017,0,N
G11,september.2017,0,N
A03,october.2017,0,N
A13,october.2017,0.03225806,N
B02,october.2017,0.03225806,N
B04,october.2017,0,N
B06,october.2017,0.03225806,N
B08,october.2017,0,N
B10,october.2017,0,N
B12,october.2017,0,N
B14,october.2017,0.03225806,N
C03,october.2017,0.03225806,N
C05,october.2017,0,N
C07,october.2017,0,N
C09,october.2017,0.03225806,N
C11,october.2017,0,N
C15,october.2017,0.06451613,N
C17,october.2017,0,N
D04,october.2017,0,N
D06,october.2017,0,N
D08,october.2017,0,N
D10,october.2017,0,N
D12,october.2017,0,N
D14,october.2017,0,N
D16,october.2017,0,N
E05,october.2017,0.03225806,N
E07,october.2017,0,N
E09,october.2017,0,N
E11,october.2017,0,N
E13,october.2017,0.03225806,N
E15,october.2017,0.09677419,N
E17,october.2017,0,N
F04,october.2017,0,N
F06,october.2017,0,N
F08,october.2017,0,N
F10,october.2017,0,N
G09,october.2017,0.06451613,N
G11,october.2017,0,N
A03,november.2017,0,N
A13,november.2017,0.03333333,N
B02,november.2017,0.06666667,N
B04,november.2017,0.03333333,N
B06,november.2017,0,N
B08,november.2017,0,N
B10,november.2017,0,N
B12,november.2017,0,N
B14,november.2017,0,N
C03,november.2017,0.06666667,N
C05,november.2017,0.03333333,N
C07,november.2017,0,N
C09,november.2017,0,N
C11,november.2017,0,N
C15,november.2017,0.06666667,N
C17,november.2017,0,N
D04,november.2017,0,N
D06,november.2017,0,N
D08,november.2017,0.03333333,N
D10,november.2017,0,N
D12,november.2017,0,N
D14,november.2017,0,N
D16,november.2017,0,N
E05,november.2017,0.06666667,N
E07,november.2017,0,N
E09,november.2017,0.03333333,N
E11,november.2017,0,N
E13,november.2017,0.03333333,N
E15,november.2017,0.03333333,N
E17,november.2017,0.03333333,N
F04,november.2017,0.03333333,N
F06,november.2017,0,N
F08,november.2017,0.03333333,N
F10,november.2017,0,N
G09,november.2017,0.03333333,N
G11,november.2017,0,N
A03,december.2017,0,N
A13,december.2017,0.03225806,N
B02,december.2017,0.03225806,N
B04,december.2017,0.06451613,N
B06,december.2017,0,N
B08,december.2017,0,N
B10,december.2017,0,N
B12,december.2017,0,N
B14,december.2017,0.06451613,N
C03,december.2017,0.12903226,N
C05,december.2017,0,N
C07,december.2017,0,N
C09,december.2017,0,N
C11,december.2017,0,N
C15,december.2017,0.03225806,N
C17,december.2017,0,N
D04,december.2017,0,N
D06,december.2017,0.06451613,N
D08,december.2017,0,N
D10,december.2017,0.06451613,N
D12,december.2017,0.06451613,N
D14,december.2017,0,N
D16,december.2017,0,N
E05,december.2017,0.06451613,N
E07,december.2017,0,N
E09,december.2017,0,N
E11,december.2017,0,N
E13,december.2017,0,N
E15,december.2017,0.03225806,N
E17,december.2017,0,N
F04,december.2017,0,N
F06,december.2017,0,N
F08,december.2017,0,N
F10,december.2017,0.03225806,N
G09,december.2017,0.03225806,N
G11,december.2017,0,N
A03,january.2018,0,N
A13,january.2018,0,N
B02,january.2018,0,N
B04,january.2018,0.06451613,N
B06,january.2018,0,N
B08,january.2018,0,N
B10,january.2018,0,N
B12,january.2018,0,N
B14,january.2018,0,N
C03,january.2018,0.06451613,N
C05,january.2018,0.03225806,N
C07,january.2018,0,N
C09,january.2018,0,N
C11,january.2018,0,N
C15,january.2018,0.16129032,N
C17,january.2018,0,N
D04,january.2018,0,N
D06,january.2018,0.03225806,N
D08,january.2018,0.06451613,N
D10,january.2018,0,N
D12,january.2018,0,N
D14,january.2018,0,N
D16,january.2018,0,N
E05,january.2018,0.03225806,N
E07,january.2018,0,N
E09,january.2018,0,N
E11,january.2018,0,N
E13,january.2018,0,N
E15,january.2018,0,N
E17,january.2018,0,N
F04,january.2018,0,N
F06,january.2018,0,N
F08,january.2018,0,N
F10,january.2018,0,N
G09,january.2018,0,N
G11,january.2018,0,N
A03,february.2018,0,N
A13,february.2018,0,N
B02,february.2018,0,N
B04,february.2018,0.07142857,N
B06,february.2018,0,N
B08,february.2018,0,N
B10,february.2018,0,N
B12,february.2018,0.03571429,N
B14,february.2018,0,N
C03,february.2018,0.03571429,N
C05,february.2018,0,N
C07,february.2018,0,N
C09,february.2018,0,N
C11,february.2018,0,N
C15,february.2018,0.14285714,N
C17,february.2018,0,N
D04,february.2018,0,N
D06,february.2018,0.10714286,N
D08,february.2018,0,N
D10,february.2018,0,N
D12,february.2018,0,N
D14,february.2018,0,N
D16,february.2018,0,N
E05,february.2018,0.03571429,N
E07,february.2018,0,N
E09,february.2018,0,N
E11,february.2018,0.03571429,N
E13,february.2018,0,N
E15,february.2018,0,N
E17,february.2018,0,N
F04,february.2018,0.03571429,N
F06,february.2018,0,N
F08,february.2018,0.03571429,N
F10,february.2018,0,N
G09,february.2018,0.03571429,N
G11,february.2018,0,N
A03,march.2018,0,N
A13,march.2018,0,N
B02,march.2018,0.03225806,N
B04,march.2018,0.03225806,N
B06,march.2018,0,N
B08,march.2018,0,N
B10,march.2018,0,N
B12,march.2018,0,N
B14,march.2018,0,N
C03,march.2018,0,N
C05,march.2018,0,N
C07,march.2018,0,N
C09,march.2018,0.03225806,N
C11,march.2018,0,N
C15,march.2018,0.06451613,N
C17,march.2018,0,N
D04,march.2018,0,N
D06,march.2018,0.16129032,N
D08,march.2018,0,N
D10,march.2018,0.03225806,N
D12,march.2018,0.06451613,N
D14,march.2018,0,N
D16,march.2018,0.03225806,N
E05,march.2018,0,N
E07,march.2018,0,N
E09,march.2018,0,N
E11,march.2018,0,N
E13,march.2018,0,N
E15,march.2018,0,N
E17,march.2018,0,N
F04,march.2018,0,N
F06,march.2018,0,N
F08,march.2018,0,N
F10,march.2018,0,N
G09,march.2018,0.03225806,N
G11,march.2018,0.03225806,N
A03,april.2018,0,N
A13,april.2018,0,N
B02,april.2018,0,N
B04,april.2018,0.03333333,N
B06,april.2018,0.03333333,N
B08,april.2018,0,N
B10,april.2018,0,N
B12,april.2018,0,N
B14,april.2018,0.03333333,N
C03,april.2018,0.03333333,N
C05,april.2018,0,N
C07,april.2018,0,N
C09,april.2018,0,N
C11,april.2018,0,N
C15,april.2018,0.03333333,N
C17,april.2018,0,N
D04,april.2018,0,N
D06,april.2018,0,N
D08,april.2018,0,N
D10,april.2018,0,N
D12,april.2018,0,N
D14,april.2018,0.03333333,N
D16,april.2018,0,N
E05,april.2018,0.03333333,N
E07,april.2018,0,N
E09,april.2018,0,N
E11,april.2018,0,N
E13,april.2018,0,N
E15,april.2018,0.03333333,N
E17,april.2018,0,N
F04,april.2018,0,N
F06,april.2018,0,N
F08,april.2018,0,N
F10,april.2018,0,N
G09,april.2018,0.03333333,N
G11,april.2018,0.1,N
A03,may.2018,0,N
A13,may.2018,0,N
B02,may.2018,0,N
B04,may.2018,0,N
B06,may.2018,0.03225806,N
B08,may.2018,0,N
B10,may.2018,0,N
B12,may.2018,0,N
B14,may.2018,0,N
C03,may.2018,0,N
C05,may.2018,0,N
C07,may.2018,0,N
C09,may.2018,0,N
C11,may.2018,0,N
C15,may.2018,0,N
C17,may.2018,0,N
D04,may.2018,0,N
D06,may.2018,0.03225806,N
D08,may.2018,0,N
D10,may.2018,0.03225806,N
D12,may.2018,0,N
D14,may.2018,0,N
D16,may.2018,0,N
E05,may.2018,0.06451613,N
E07,may.2018,0,N
E09,may.2018,0,N
E11,may.2018,0,N
E13,may.2018,0.03225806,N
E15,may.2018,0,N
E17,may.2018,0,N
F04,may.2018,0,N
F06,may.2018,0,N
F08,may.2018,0,N
F10,may.2018,0,N
G09,may.2018,0,N
G11,may.2018,0,N
A13,june.2018,0,N
B02,june.2018,0,N
B04,june.2018,0,N
B06,june.2018,0.03333333,N
B08,june.2018,0,N
B10,june.2018,0,N
B12,june.2018,0,N
B14,june.2018,0,N
C03,june.2018,0.1,N
C05,june.2018,0,N
C07,june.2018,0,N
C09,june.2018,0,N
C15,june.2018,0,N
C17,june.2018,0,N
D04,june.2018,0,N
D06,june.2018,0,N
D08,june.2018,0.03333333,N
D10,june.2018,0.06666667,N
D12,june.2018,0,N
D14,june.2018,0,N
D16,june.2018,0,N
E05,june.2018,0,N
E07,june.2018,0,N
E09,june.2018,0,N
E11,june.2018,0,N
E13,june.2018,0,N
E15,june.2018,0,N
E17,june.2018,0,N
F06,june.2018,0,N
F08,june.2018,0,N
F10,june.2018,0,N
G09,june.2018,0,N
G11,june.2018,0,N
A03,july.2018,0,N
A13,july.2018,0,N
B02,july.2018,0,Y
B04,july.2018,0.03225806,Y
B06,july.2018,0,Y
B08,july.2018,0,Y
B10,july.2018,0,Y
B12,july.2018,0,N
B14,july.2018,0,N
C03,july.2018,0.03225806,N
C05,july.2018,0,N
C07,july.2018,0,N
C09,july.2018,0,Y
C11,july.2018,0,N
C15,july.2018,0,N
C17,july.2018,0.03225806,N
D04,july.2018,0,Y
D06,july.2018,0,Y
D08,july.2018,0,Y
D10,july.2018,0,Y
D12,july.2018,0,N
D14,july.2018,0,N
D16,july.2018,0.03225806,N
E05,july.2018,0,Y
E07,july.2018,0,Y
E09,july.2018,0,Y
E11,july.2018,0,Y
E13,july.2018,0,N
E15,july.2018,0.03225806,N
E17,july.2018,0,N
F04,july.2018,0,N
F06,july.2018,0,Y
F08,july.2018,0,Y
F10,july.2018,0,Y
G09,july.2018,0,Y
G11,july.2018,0,Y
A03,august.2018,0,N
A13,august.2018,0,N
B02,august.2018,0.03571429,Y
B04,august.2018,0,Y
B06,august.2018,0,Y
B08,august.2018,0,Y
B10,august.2018,0.03225806,Y
B12,august.2018,0,N
B14,august.2018,0.03225806,N
C03,august.2018,0.16129032,N
C07,august.2018,0,N
C09,august.2018,0,Y
C11,august.2018,0,N
C15,august.2018,0,N
C17,august.2018,0,N
D04,august.2018,0,Y
D06,august.2018,0.1,Y
D08,august.2018,0,Y
D10,august.2018,0,Y
D12,august.2018,0.03225806,N
D14,august.2018,0,N
D16,august.2018,0,N
E05,august.2018,0.03225806,Y
E07,august.2018,0,Y
E09,august.2018,0,Y
E11,august.2018,0,Y
E13,august.2018,0,N
E15,august.2018,0.03225806,N
E17,august.2018,0,N
F04,august.2018,0,N
F06,august.2018,0,Y
F08,august.2018,0,Y
F10,august.2018,0,Y
G09,august.2018,0,Y
G11,august.2018,0,Y
A03,september.2018,0,N
A13,september.2018,0,N
B02,september.2018,0,Y
B04,september.2018,0,Y
B06,september.2018,0,Y
B08,september.2018,0,Y
B10,september.2018,0,Y
B12,september.2018,0,N
B14,september.2018,0,N
C03,september.2018,0.1,N
C07,september.2018,0.03333333,N
C09,september.2018,0,Y
C11,september.2018,0,N
C15,september.2018,0.06666667,N
C17,september.2018,0,N
D04,september.2018,0,Y
D06,september.2018,0.1,Y
D12,september.2018,0.06666667,N
D14,september.2018,0,N
D16,september.2018,0,N
E05,september.2018,0.06666667,Y
E07,september.2018,0,Y
E09,september.2018,0,Y
E11,september.2018,0,Y
E13,september.2018,0,N
E15,september.2018,0,N
E17,september.2018,0,N
F04,september.2018,0.16666667,N
F06,september.2018,0,Y
F08,september.2018,0,Y
F10,september.2018,0,Y
G09,september.2018,0.03333333,Y
G11,september.2018,0,Y
A03,october.2018,0,N
A13,october.2018,0,N
B02,october.2018,0.03225806,Y
B04,october.2018,0.06451613,Y
B06,october.2018,0,Y
B08,october.2018,0,Y
B10,october.2018,0,Y
B12,october.2018,0,N
B14,october.2018,0.06451613,N
C03,october.2018,0.16129032,N
C05,october.2018,0,N
C07,october.2018,0,N
C09,october.2018,0,Y
C11,october.2018,0,N
C15,october.2018,0.03225806,N
C17,october.2018,0,N
D04,october.2018,0,Y
D06,october.2018,0.09677419,Y
D12,october.2018,0.16129032,N
D14,october.2018,0,N
D16,october.2018,0,N
E05,october.2018,0,Y
E07,october.2018,0,Y
E09,october.2018,0,Y
E11,october.2018,0,Y
E13,october.2018,0,N
E15,october.2018,0,N
E17,october.2018,0,N
F04,october.2018,0,N
F06,october.2018,0.03225806,Y
F08,october.2018,0.03225806,Y
F10,october.2018,0,Y
G09,october.2018,0,Y
G11,october.2018,0,Y
A03,november.2018,0,N
A13,november.2018,0,N
B02,november.2018,0,Y
B04,november.2018,0,Y
B06,november.2018,0,Y
B08,november.2018,0,Y
B10,november.2018,0,Y
B12,november.2018,0,N
B14,november.2018,0,N
C03,november.2018,0.06666667,N
C05,november.2018,0,N
C07,november.2018,0,N
C09,november.2018,0,Y
C11,november.2018,0.03333333,N
C15,november.2018,0.06666667,N
C17,november.2018,0,N
D04,november.2018,0.06666667,Y
D06,november.2018,0.03333333,Y
D12,november.2018,0.2,N
D14,november.2018,0,N
D16,november.2018,0,N
E05,november.2018,0,Y
E07,november.2018,0,Y
E09,november.2018,0,Y
E11,november.2018,0,Y
E13,november.2018,0,N
E15,november.2018,0,N
E17,november.2018,0,N
F04,november.2018,0,N
F06,november.2018,0.03333333,Y
F08,november.2018,0,Y
F10,november.2018,0,Y
G09,november.2018,0,Y
G11,november.2018,0,Y
A03,december.2018,0,N
A13,december.2018,0,N
B02,december.2018,0.03225806,Y
B04,december.2018,0.03225806,Y
B06,december.2018,0,Y
B08,december.2018,0,Y
B10,december.2018,0,Y
B12,december.2018,0,N
B14,december.2018,0,N
C03,december.2018,0,N
C05,december.2018,0,N
C07,december.2018,0,N
C09,december.2018,0.03225806,Y
C15,december.2018,0.06451613,N
C17,december.2018,0,N
D04,december.2018,0,Y
D06,december.2018,0.16129032,Y
D08,december.2018,0,Y
D10,december.2018,0.03225806,Y
D12,december.2018,0.06451613,N
D14,december.2018,0,N
D16,december.2018,0.03225806,N
E05,december.2018,0,Y
E07,december.2018,0,Y
E09,december.2018,0,Y
E11,december.2018,0,Y
E13,december.2018,0,N
E15,december.2018,0,N
E17,december.2018,0,N
F04,december.2018,0,N
F06,december.2018,0,Y
F08,december.2018,0,Y
F10,december.2018,0,Y
G09,december.2018,0.03225806,Y
G11,december.2018,0.03225806,Y
A03,january.2019,0,N
A13,january.2019,0,N
B02,january.2019,0.03225806,Y
B04,january.2019,0,Y
B06,january.2019,0,Y
B08,january.2019,0,Y
B10,january.2019,0,Y
B12,january.2019,0,N
B14,january.2019,0,N
C03,january.2019,0.29032258,N
C05,january.2019,0,N
C07,january.2019,0,N
C09,january.2019,0,Y
C11,january.2019,0,N
C15,january.2019,0.16129032,N
C17,january.2019,0,N
D04,january.2019,0.03225806,Y
D06,january.2019,0,Y
D08,january.2019,0,Y
D10,january.2019,0.03225806,Y
D12,january.2019,0.03225806,N
D14,january.2019,0,N
D16,january.2019,0,N
E05,january.2019,0,Y
E07,january.2019,0,Y
E09,january.2019,0,Y
E11,january.2019,0,Y
E13,january.2019,0,N
E15,january.2019,0.03225806,N
E17,january.2019,0,N
F04,january.2019,0,N
F06,january.2019,0,Y
F08,january.2019,0,Y
F10,january.2019,0,Y
G09,january.2019,0,Y
G11,january.2019,0,Y
A03,february.2019,0,N
A13,february.2019,0,N
B02,february.2019,0,Y
B04,february.2019,0,Y
B06,february.2019,0,Y
B08,february.2019,0,Y
B10,february.2019,0,Y
B12,february.2019,0,N
B14,february.2019,0,N
C03,february.2019,0.03571429,N
C05,february.2019,0,N
C07,february.2019,0,N
C09,february.2019,0,Y
C11,february.2019,0,N
C15,february.2019,0.07142857,N
C17,february.2019,0.03571429,N
D04,february.2019,0,Y
D06,february.2019,0,Y
D08,february.2019,0,Y
D10,february.2019,0,Y
D12,february.2019,0.25,N
D14,february.2019,0.03571429,N
D16,february.2019,0,N
E05,february.2019,0.03571429,Y
E07,february.2019,0,Y
E09,february.2019,0,Y
E11,february.2019,0.03571429,Y
E13,february.2019,0,N
E15,february.2019,0.03571429,N
E17,february.2019,0,N
F04,february.2019,0,N
F06,february.2019,0,Y
F08,february.2019,0,Y
F10,february.2019,0,Y
G09,february.2019,0,Y
G11,february.2019,0,Y
A03,march.2019,0,N
A13,march.2019,0,N
B02,march.2019,0,Y
B04,march.2019,0,Y
B06,march.2019,0,Y
B08,march.2019,0,Y
B10,march.2019,0,Y
B12,march.2019,0.03225806,N
B14,march.2019,0,N
C03,march.2019,0,N
C05,march.2019,0,N
C07,march.2019,0,N
C09,march.2019,0,Y
C11,march.2019,0.06451613,N
C15,march.2019,0.22580645,N
C17,march.2019,0.03225806,N
D04,march.2019,0,Y
D06,march.2019,0,Y
D08,march.2019,0,Y
D10,march.2019,0,Y
D12,march.2019,0.35483871,N
D14,march.2019,0,N
D16,march.2019,0,N
E05,march.2019,0,Y
E07,march.2019,0,Y
E09,march.2019,0,Y
E11,march.2019,0,Y
E13,march.2019,0,N
E15,march.2019,0,N
E17,march.2019,0,N
F04,march.2019,0,N
F06,march.2019,0,Y
F08,march.2019,0,Y
F10,march.2019,0,Y
G09,march.2019,0,Y
G11,march.2019,0,Y
A03,april.2019,0.03333333,N
A13,april.2019,0,N
B02,april.2019,0,N
B04,april.2019,0.03333333,Y
B06,april.2019,0,Y
B08,april.2019,0.03333333,Y
B10,april.2019,0.06666667,Y
B12,april.2019,0,N
B14,april.2019,0,N
C03,april.2019,0.2,N
C05,april.2019,0,N
C07,april.2019,0,N
C09,april.2019,0,Y
C11,april.2019,0.03333333,N
C15,april.2019,0.23333333,N
C17,april.2019,0,N
D04,april.2019,0,Y
D06,april.2019,0.03333333,Y
D08,april.2019,0,Y
D10,april.2019,0,Y
D12,april.2019,0.23333333,N
D14,april.2019,0.03333333,N
D16,april.2019,0,N
E05,april.2019,0.06666667,Y
E07,april.2019,0,Y
E09,april.2019,0,Y
E11,april.2019,0,Y
E13,april.2019,0.03333333,N
E17,april.2019,0,N
F04,april.2019,0,N
F06,april.2019,0,Y
F08,april.2019,0,Y
F10,april.2019,0,Y
G09,april.2019,0,Y
G11,april.2019,0,Y
A03,may.2019,0,N
A13,may.2019,0,N
B02,may.2019,0,Y
B04,may.2019,0,Y
B06,may.2019,0,Y
B08,may.2019,0,Y
B10,may.2019,0,Y
B12,may.2019,0,N
B14,may.2019,0,N
C03,may.2019,0.29032258,N
C05,may.2019,0,N
C07,may.2019,0,N
C09,may.2019,0,Y
C11,may.2019,0,N
C15,may.2019,0.03225806,N
C17,may.2019,0,N
D04,may.2019,0,Y
D08,may.2019,0,Y
D10,may.2019,0,Y
D12,may.2019,0,N
D14,may.2019,0.03225806,N
D16,may.2019,0,N
E05,may.2019,0.03225806,Y
E07,may.2019,0,Y
E09,may.2019,0,Y
E11,may.2019,0,Y
E13,may.2019,0.09677419,N
E15,may.2019,0,N
E17,may.2019,0,N
F04,may.2019,0,N
F06,may.2019,0,Y
F08,may.2019,0,Y
F10,may.2019,0,Y
G09,may.2019,0,Y
G11,may.2019,0,Y
A03,june.2019,0,N
A13,june.2019,0,N
B02,june.2019,0,Y
B04,june.2019,0,Y
B06,june.2019,0,Y
B08,june.2019,0,Y
B10,june.2019,0,Y
B12,june.2019,0.1,N
B14,june.2019,0,N
C03,june.2019,0.13333333,N
C05,june.2019,0,N
C07,june.2019,0,N
C09,june.2019,0,Y
C11,june.2019,0,N
C15,june.2019,0,N
C17,june.2019,0,N
D04,june.2019,0,Y
D12,june.2019,0.03333333,N
D14,june.2019,0,N
D16,june.2019,0,N
E05,june.2019,0,Y
E07,june.2019,0,Y
E09,june.2019,0,Y
E11,june.2019,0,Y
E13,june.2019,0,N
E15,june.2019,0,N
E17,june.2019,0,N
F04,june.2019,0,N
F06,june.2019,0,Y
F08,june.2019,0,Y
F10,june.2019,0,Y
G09,june.2019,0,Y
G11,june.2019,0,Y
A03,july.2019,0,N
A13,july.2019,0,N
B02,july.2019,0,Y
B04,july.2019,0,Y
B06,july.2019,0,Y
B08,july.2019,0,Y
B10,july.2019,0,Y
B12,july.2019,0,N
B14,july.2019,0,N
C03,july.2019,0.06451613,N
C05,july.2019,0,N
C07,july.2019,0,N
C09,july.2019,0,Y
C11,july.2019,0,N
C15,july.2019,0,N
C17,july.2019,0,N
D04,july.2019,0,Y
D12,july.2019,0.03225806,N
D14,july.2019,0,N
D16,july.2019,0,N
E05,july.2019,0,Y
E07,july.2019,0,Y
E09,july.2019,0,Y
E11,july.2019,0,Y
E13,july.2019,0,N
E15,july.2019,0,N
E17,july.2019,0,N
F04,july.2019,0,N
F06,july.2019,0,Y
F08,july.2019,0,Y
F10,july.2019,0,Y
G09,july.2019,0,Y
G11,july.2019,0,Y
A03,august.2019,0,N
A13,august.2019,0,N
B02,august.2019,0,N
B04,august.2019,0.03225806,N
B06,august.2019,0,N
B08,august.2019,0,N
B10,august.2019,0,N
B12,august.2019,0,N
B14,august.2019,0,N
C03,august.2019,0,N
C05,august.2019,0,N
C07,august.2019,0,N
C09,august.2019,0,N
C11,august.2019,0,N
C15,august.2019,0,N
C17,august.2019,0,N
D04,august.2019,0,N
D12,august.2019,0.03225806,N
D14,august.2019,0,N
D16,august.2019,0,N
E05,august.2019,0,N
E07,august.2019,0,N
E09,august.2019,0,N
E11,august.2019,0,N
E13,august.2019,0,N
E15,august.2019,0,N
E17,august.2019,0,N
F04,august.2019,0,N
F06,august.2019,0,N
F08,august.2019,0,N
F10,august.2019,0,N
G09,august.2019,0,N
G11,august.2019,0,N
A03,september.2019,0,N
A13,september.2019,0,N
B02,september.2019,0,N
B04,september.2019,0,N
B06,september.2019,0,N
B08,september.2019,0,N
B10,september.2019,0,N
B12,september.2019,0,N
B14,september.2019,0.06666667,N
C03,september.2019,0.13333333,N
C05,september.2019,0,N
C07,september.2019,0,N
C09,september.2019,0,N
C11,september.2019,0,N
C15,september.2019,0,N
C17,september.2019,0,N
D04,september.2019,0,N
D12,september.2019,0.03333333,N
D14,september.2019,0,N
D16,september.2019,0,N
E05,september.2019,0,N
E07,september.2019,0,N
E09,september.2019,0,N
E11,september.2019,0,N
E13,september.2019,0,N
E15,september.2019,0,N
E17,september.2019,0,N
F04,september.2019,0,N
F06,september.2019,0,N
F08,september.2019,0,N
F10,september.2019,0,N
G09,september.2019,0,N
G11,september.2019,0,N
A03,october.2019,0.03225806,N
A13,october.2019,0,N
B02,october.2019,0,N
B04,october.2019,0,N
B06,october.2019,0,N
B08,october.2019,0,N
B10,october.2019,0,N
B12,october.2019,0,N
B14,october.2019,0,N
C03,october.2019,0.13333333,N
C05,october.2019,0,N
C07,october.2019,0,N
C09,october.2019,0,N
C11,october.2019,0.06451613,N
C15,october.2019,0,N
C17,october.2019,0,N
D04,october.2019,0,N
D12,october.2019,0,N
D14,october.2019,0,N
D16,october.2019,0,N
E05,october.2019,0,N
E07,october.2019,0,N
E09,october.2019,0,N
E11,october.2019,0,N
E13,october.2019,0,N
E15,october.2019,0,N
E17,october.2019,0.03225806,N
F04,october.2019,0,N
F06,october.2019,0,N
F08,october.2019,0,N
F10,october.2019,0,N
G09,october.2019,0,N
G11,october.2019,0,N
A03,november.2019,0,N
A13,november.2019,0,N
B02,november.2019,0,N
B04,november.2019,0,N
B06,november.2019,0,N
B08,november.2019,0,N
B10,november.2019,0,N
B12,november.2019,0.03333333,N
B14,november.2019,0,N
C03,november.2019,0.13333333,N
C05,november.2019,0,N
C07,november.2019,0,N
C09,november.2019,0,N
C11,november.2019,0,N
C15,november.2019,0,N
C17,november.2019,0,N
D04,november.2019,0,N
D12,november.2019,0,N
D14,november.2019,0,N
D16,november.2019,0,N
E05,november.2019,0,N
E07,november.2019,0,N
E09,november.2019,0,N
E11,november.2019,0,N
E13,november.2019,0,N
E15,november.2019,0,N
E17,november.2019,0,N
F04,november.2019,0,N
F06,november.2019,0,N
F08,november.2019,0,N
F10,november.2019,0,N
G09,november.2019,0,N
G11,november.2019,0,N
A03,december.2019,0,N
A13,december.2019,0,N
B02,december.2019,0,N
B04,december.2019,0,N
B06,december.2019,0,N
B08,december.2019,0,N
B10,december.2019,0,N
B12,december.2019,0.03225806,N
B14,december.2019,0,N
C03,december.2019,0,N
C05,december.2019,0,N
C07,december.2019,0,N
C09,december.2019,0,N
C11,december.2019,0.06451613,N
C15,december.2019,0.22580645,N
C17,december.2019,0.03225806,N
D04,december.2019,0,N
D12,december.2019,0.35483871,N
D14,december.2019,0,N
D16,december.2019,0,N
E05,december.2019,0,N
E07,december.2019,0,N
E09,december.2019,0,N
E11,december.2019,0,N
E13,december.2019,0,N
E15,december.2019,0,N
E17,december.2019,0,N
F04,december.2019,0,N
F06,december.2019,0,N
F08,december.2019,0,N
F10,december.2019,0,N
G09,december.2019,0,N
G11,december.2019,0,N
A03,january.2020,0,N
A13,january.2020,0,N
B02,january.2020,0.09677419,N
B04,january.2020,0,N
B06,january.2020,0.03225806,N
B08,january.2020,0,N
B10,january.2020,0,N
B12,january.2020,0,N
B14,january.2020,0,N
C03,january.2020,0.19354839,N
C05,january.2020,0,N
C07,january.2020,0,N
C09,january.2020,0,N
C11,january.2020,0,N
C15,january.2020,0.09677419,N
C17,january.2020,0,N
D04,january.2020,0,N
D06,january.2020,0,N
D08,january.2020,0,N
D10,january.2020,0,N
D12,january.2020,0,N
D14,january.2020,0,N
D16,january.2020,0,N
E05,january.2020,0.03225806,N
E07,january.2020,0,N
E09,january.2020,0,N
E11,january.2020,0,N
E13,january.2020,0.03225806,N
E15,january.2020,0,N
E17,january.2020,0,N
F04,january.2020,0,N
F06,january.2020,0,N
F08,january.2020,0,N
F10,january.2020,0,N
G09,january.2020,0,N
G11,january.2020,0,N
A03,february.2020,0,N
A13,february.2020,0,N
B02,february.2020,0.07142857,N
B04,february.2020,0.03571429,N
B06,february.2020,0,N
B08,february.2020,0,N
B10,february.2020,0,N
B12,february.2020,0,N
B14,february.2020,0,N
C03,february.2020,0.17857143,N
C05,february.2020,0,N
C07,february.2020,0,N
C09,february.2020,0,N
C11,february.2020,0,N
C15,february.2020,0.03571429,N
C17,february.2020,0,N
D04,february.2020,0,N
D06,february.2020,0,N
D08,february.2020,0,N
D10,february.2020,0,N
D12,february.2020,0,N
D14,february.2020,0,N
D16,february.2020,0,N
E05,february.2020,0.07142857,N
E07,february.2020,0,N
E09,february.2020,0,N
E11,february.2020,0,N
E13,february.2020,0,N
E15,february.2020,0,N
E17,february.2020,0,N
F04,february.2020,0,N
F06,february.2020,0,N
F08,february.2020,0,N
F10,february.2020,0,N
G09,february.2020,0,N
G11,february.2020,0,N
A03,march.2020,0,N
A13,march.2020,0,N
B02,march.2020,0.03225806,N
B04,march.2020,0,N
B06,march.2020,0,N
B08,march.2020,0,N
B10,march.2020,0,N
B12,march.2020,0,N
B14,march.2020,0,N
C03,march.2020,0.16129032,N
C05,march.2020,0,N
C07,march.2020,0,N
C09,march.2020,0,N
C11,march.2020,0.03225806,N
C15,march.2020,0.12903226,N
C17,march.2020,0,N
D04,march.2020,0,N
D06,march.2020,0,N
D08,march.2020,0,N
D10,march.2020,0.03225806,N
D12,march.2020,0,N
D14,march.2020,0,N
D16,march.2020,0,N
E05,march.2020,0.03225806,N
E07,march.2020,0,N
E09,march.2020,0,N
E11,march.2020,0,N
E13,march.2020,0,N
E15,march.2020,0,N
E17,march.2020,0,N
F04,march.2020,0,N
F06,march.2020,0,N
F08,march.2020,0,N
F10,march.2020,0,N
G09,march.2020,0,N
G11,march.2020,0,N
A03,april.2020,0,N
A13,april.2020,0,N
B02,april.2020,0.03333333,N
B04,april.2020,0,N
B06,april.2020,0,N
B08,april.2020,0,N
B10,april.2020,0,N
B12,april.2020,0.06666667,N
B14,april.2020,0,N
C03,april.2020,0.06666667,N
C05,april.2020,0,N
C07,april.2020,0,N
C09,april.2020,0,N
C11,april.2020,0,N
C15,april.2020,0,N
C17,april.2020,0,N
D04,april.2020,0,N
D06,april.2020,0.03333333,N
D08,april.2020,0,N
D10,april.2020,0,N
D12,april.2020,0,N
D14,april.2020,0.03333333,N
D16,april.2020,0,N
E05,april.2020,0,N
E07,april.2020,0,N
E09,april.2020,0,N
E11,april.2020,0,N
E13,april.2020,0,N
E15,april.2020,0,N
F04,april.2020,0,N
F06,april.2020,0,N
F08,april.2020,0,N
F10,april.2020,0,N
G09,april.2020,0,N
G11,april.2020,0,N
A03,may.2020,0,N
A13,may.2020,0,N
B02,may.2020,0,N
B04,may.2020,0,N
B06,may.2020,0,N
B08,may.2020,0,N
B10,may.2020,0,N
B12,may.2020,0,N
B14,may.2020,0,N
C03,may.2020,0.41935484,N
C07,may.2020,0,N
C09,may.2020,0,N
C11,may.2020,0,N
C15,may.2020,0,N
C17,may.2020,0,N
D04,may.2020,0.03225806,N
D06,may.2020,0,N
D08,may.2020,0,N
D10,may.2020,0,N
D12,may.2020,0,N
D14,may.2020,0,N
D16,may.2020,0,N
E05,may.2020,0,N
E07,may.2020,0,N
E09,may.2020,0,N
E11,may.2020,0.03225806,N
E13,may.2020,0,N
E15,may.2020,0,N
E17,may.2020,0,N
F06,may.2020,0,N
F08,may.2020,0,N
F10,may.2020,0,N
G09,may.2020,0,N
G11,may.2020,0,N
A03,june.2020,0,N
A13,june.2020,0,N
B02,june.2020,0,N
B04,june.2020,0,N
B06,june.2020,0,N
B08,june.2020,0,N
B10,june.2020,0,N
B12,june.2020,0,N
B14,june.2020,0,N
C03,june.2020,0.16666667,N
C05,june.2020,0,N
C07,june.2020,0,N
C09,june.2020,0,N
C11,june.2020,0,N
C15,june.2020,0,N
C17,june.2020,0,N
D04,june.2020,0,N
D06,june.2020,0.03333333,N
D08,june.2020,0,N
D10,june.2020,0,N
D12,june.2020,0,N
D14,june.2020,0,N
D16,june.2020,0,N
E05,june.2020,0,N
E07,june.2020,0,N
E09,june.2020,0,N
E11,june.2020,0,N
E13,june.2020,0,N
E15,june.2020,0,N
E17,june.2020,0,N
F04,june.2020,0,N
F06,june.2020,0,N
F08,june.2020,0,N
F10,june.2020,0,N
G09,june.2020,0,N
G11,june.2020,0,N
A03,july.2020,0,N
A13,july.2020,0,N
B02,july.2020,0,N
B04,july.2020,0,N
B06,july.2020,0,N
B08,july.2020,0,N
B10,july.2020,0,N
B12,july.2020,0,N
B14,july.2020,0,N
C03,july.2020,0.16129032,N
C05,july.2020,0,N
C07,july.2020,0,N
C09,july.2020,0,N
C11,july.2020,0,N
C15,july.2020,0,N
C17,july.2020,0,N
D04,july.2020,0,N
D06,july.2020,0,N
D08,july.2020,0,N
D10,july.2020,0,N
D12,july.2020,0,N
D14,july.2020,0,N
D16,july.2020,0,N
E05,july.2020,0,N
E07,july.2020,0,N
E09,july.2020,0,N
E11,july.2020,0,N
E13,july.2020,0,N
E15,july.2020,0.03225806,N
E17,july.2020,0,N
F04,july.2020,0,N
F06,july.2020,0,N
F08,july.2020,0,N
F10,july.2020,0,N
G09,july.2020,0,N
G11,july.2020,0,N
A03,august.2020,0,N
A13,august.2020,0,N
B02,august.2020,0,N
B04,august.2020,0,N
B06,august.2020,0,N
B08,august.2020,0,N
B10,august.2020,0,N
B12,august.2020,0.03225806,N
B14,august.2020,0.03225806,N
C03,august.2020,0.03225806,N
C05,august.2020,0,N
C07,august.2020,0,N
C09,august.2020,0,N
C11,august.2020,0,N
C15,august.2020,0.03225806,N
C17,august.2020,0.03225806,N
D04,august.2020,0,N
D06,august.2020,0,N
D08,august.2020,0,N
D10,august.2020,0.04,N
D12,august.2020,0,N
D14,august.2020,0,N
D16,august.2020,0,N
E05,august.2020,0,N
E07,august.2020,0,N
E09,august.2020,0,N
E11,august.2020,0,N
E13,august.2020,0,N
E15,august.2020,0,N
E17,august.2020,0,N
F04,august.2020,0,N
F06,august.2020,0,N
F08,august.2020,0,N
F10,august.2020,0,N
G09,august.2020,0,N
G11,august.2020,0,N
A03,september.2020,0,N
A13,september.2020,0,N
B02,september.2020,0.06666667,N
B04,september.2020,0,N
B06,september.2020,0,N
B08,september.2020,0,N
B10,september.2020,0,N
B12,september.2020,0,N
B14,september.2020,0,N
C03,september.2020,0.03333333,N
C07,september.2020,0,N
C09,september.2020,0,N
C11,september.2020,0,N
C15,september.2020,0.03333333,N
C17,september.2020,0,N
D12,september.2020,0,N
D14,september.2020,0,N
D16,september.2020,0,N
E05,september.2020,0,N
E09,september.2020,0,N
E11,september.2020,0,N
E13,september.2020,0,N
E15,september.2020,0.03333333,N
E17,september.2020,0,N
F04,september.2020,0,N
F06,september.2020,0,N
F08,september.2020,0,N
F10,september.2020,0,N
G09,september.2020,0,N
G11,september.2020,0,N
A03,october.2020,0,N
A13,october.2020,0,N
B02,october.2020,0.16129032,N
B04,october.2020,0,N
B06,october.2020,0,N
B08,october.2020,0,N
B10,october.2020,0,N
B12,october.2020,0.03225806,N
B14,october.2020,0.03225806,N
C03,october.2020,0.03225806,N
C05,october.2020,0,N
C07,october.2020,0,N
C09,october.2020,0.03225806,N
C11,october.2020,0,N
C15,october.2020,0,N
C17,october.2020,0,N
D04,october.2020,0.03225806,N
D06,october.2020,0,N
D08,october.2020,0,N
D10,october.2020,0,N
D12,october.2020,0,N
D14,october.2020,0,N
D16,october.2020,0,N
E05,october.2020,0,N
E07,october.2020,0,N
E09,october.2020,0,N
E11,october.2020,0,N
E13,october.2020,0,N
E15,october.2020,0,N
E17,october.2020,0,N
F04,october.2020,0,N
F06,october.2020,0,N
F08,october.2020,0,N
F10,october.2020,0,N
G09,october.2020,0,N
G11,october.2020,0,N
A03,november.2020,0,N
A13,november.2020,0,N
B02,november.2020,0.13333333,N
B04,november.2020,0,N
B06,november.2020,0,N
B08,november.2020,0,N
B10,november.2020,0,N
B12,november.2020,0,N
B14,november.2020,0.03333333,N
C03,november.2020,0.26666667,N
C05,november.2020,0,N
C07,november.2020,0,N
C09,november.2020,0,N
C11,november.2020,0,N
C15,november.2020,0.03333333,N
C17,november.2020,0,N
D04,november.2020,0,N
D06,november.2020,0,N
D08,november.2020,0.03333333,N
D10,november.2020,0.03333333,N
D12,november.2020,0,N
D14,november.2020,0,N
D16,november.2020,0,N
E05,november.2020,0,N
E07,november.2020,0,N
E09,november.2020,0,N
E11,november.2020,0,N
E13,november.2020,0,N
E15,november.2020,0,N
E17,november.2020,0,N
F04,november.2020,0,N
F06,november.2020,0,N
F08,november.2020,0.03333333,N
F10,november.2020,0,N
G09,november.2020,0,N
G11,november.2020,0,N
A03,december.2020,0,N
A13,december.2020,0,N
B02,december.2020,0,N
B04,december.2020,0.06451613,N
B06,december.2020,0,N
B08,december.2020,0,N
B10,december.2020,0,N
B12,december.2020,0,N
B14,december.2020,0,N
C03,december.2020,0.16129032,N
C05,december.2020,0,N
C07,december.2020,0,N
C09,december.2020,0,N
C11,december.2020,0,N
C15,december.2020,0.06451613,N
C17,december.2020,0,N
D04,december.2020,0.03225806,N
D06,december.2020,0,N
D08,december.2020,0.03225806,N
D10,december.2020,0.03225806,N
D12,december.2020,0.03225806,N
D14,december.2020,0.03225806,N
D16,december.2020,0,N
E05,december.2020,0,N
E07,december.2020,0,N
E09,december.2020,0,N
E11,december.2020,0.03225806,N
E13,december.2020,0,N
E15,december.2020,0,N
E17,december.2020,0,N
F04,december.2020,0,N
F06,december.2020,0,N
F08,december.2020,0,N
F10,december.2020,0,N
G09,december.2020,0,N
G11,december.2020,0,N
A03,january.2021,0,N
A13,january.2021,0,N
B02,january.2021,0.03225806,N
B04,january.2021,0,N
B06,january.2021,0,N
B08,january.2021,0,N
B10,january.2021,0.09677419,N
B12,january.2021,0.03225806,N
B14,january.2021,0,N
C03,january.2021,0.19354839,N
C05,january.2021,0,N
C07,january.2021,0,N
C09,january.2021,0,N
C11,january.2021,0,N
C15,january.2021,0.03225806,N
C17,january.2021,0,N
D04,january.2021,0,N
D06,january.2021,0,N
D08,january.2021,0.06451613,N
D10,january.2021,0.03225806,N
D12,january.2021,0,N
D14,january.2021,0,N
D16,january.2021,0.03225806,N
E05,january.2021,0,N
E07,january.2021,0,N
E09,january.2021,0,N
E11,january.2021,0,N
E13,january.2021,0,N
E15,january.2021,0,N
E17,january.2021,0,N
F06,january.2021,0,N
F08,january.2021,0,N
F10,january.2021,0.03225806,N
G09,january.2021,0,N
G11,january.2021,0.06451613,N
A03,februrary.2021,0,N
A13,februrary.2021,0,N
B02,februrary.2021,0,N
B04,februrary.2021,0.2672612,N
B06,februrary.2021,0.03571429,N
B08,februrary.2021,0,N
B10,februrary.2021,0.03571429,N
B12,februrary.2021,0,N
B14,februrary.2021,0,N
C03,februrary.2021,0.42857143,N
C05,februrary.2021,0,N
C07,februrary.2021,0,N
C09,februrary.2021,0,N
C11,februrary.2021,0,N
C15,februrary.2021,0.10714286,N
C17,februrary.2021,0.03571429,N
D04,februrary.2021,0,N
D06,februrary.2021,0.17857143,N
D08,februrary.2021,0.03571429,N
D10,februrary.2021,0.03571429,N
D12,februrary.2021,0,N
D14,februrary.2021,0,N
D16,februrary.2021,0,N
E05,februrary.2021,0.10714286,N
E07,februrary.2021,0,N
E09,februrary.2021,0,N
E11,februrary.2021,0.03571429,N
E13,februrary.2021,0,N
E15,februrary.2021,0,N
E17,februrary.2021,0,N
F04,februrary.2021,0,N
F06,februrary.2021,0.03571429,N
F08,februrary.2021,0,N
F10,februrary.2021,0,N
G09,februrary.2021,0,N
G11,februrary.2021,0.07142857,N
A03,march.2021,0,N
A13,march.2021,0,N
B02,march.2021,0,N
B04,march.2021,0.04347826,N
B06,march.2021,0.09677419,N
B08,march.2021,0,N
B10,march.2021,0,N
B14,march.2021,0.03333333,N
C03,march.2021,0.25806452,N
C05,march.2021,0,N
C07,march.2021,0,N
C09,march.2021,0,N
C11,march.2021,0,N
C15,march.2021,0.08333333,N
D06,march.2021,0.1,N
D08,march.2021,0,N
D10,march.2021,0.09090909,N
D12,march.2021,0,N
D14,march.2021,0,N
D16,march.2021,0,N
E05,march.2021,0.11764706,N
E07,march.2021,0,N
E09,march.2021,0,N
E11,march.2021,0,N
E13,march.2021,0,N
E15,march.2021,0,N
E17,march.2021,0,N
F06,march.2021,0,N
F08,march.2021,0.06666667,N
F10,march.2021,0,N
G09,march.2021,0,N
,,,N
